Prod_id,Prod_Name,Prod_color,Prod_description
1,Cabbage - Savoy,Crimson,1 extraoc muscl advance
2,"Cherries - Maraschino,jar",Goldenrod,Ther ultrasound of heart
3,Fudge - Cream Fudge,Aquamarine,Cut & prep pedicle graft
4,Wine - Baron De Rothschild,Green,Arthrodesis of hip
5,Wine - Coteaux Du Tricastin Ac,Violet,GI ostomy irrigation
6,Energy - Boo - Koo,Mauv,Biopsy of diaphragm
7,Pasta - Fusili Tri - Coloured,Goldenrod,Ather oth non-cor vessel
8,Wine - Fume Blanc Fetzer,Fuscia,Other speech therapy
9,Ecolab Digiclean Mild Fm,Fuscia,Intermitt skel traction
10,Cookie Dough - Double,Turquoise,Endovas repl aortc valve
11,Southern Comfort,Crimson,Lumb/lmbosac fus ant/ant
12,Mini - Vol Au Vents,Teal,Oth dx proced-humerus
13,"Pork - Back, Long Cut, Boneless",Khaki,Part dacryoadenect NEC
14,Yoghurt Tubes,Pink,Manual exam of breast
15,Dill Weed - Fresh,Indigo,Cholecystectomy
16,Tea - Herbal Orange Spice,Violet,Miscellaneous proc NEC
17,Gooseberry,Red,CV cath plcmt w guidance
18,Tomatillo,Maroon,Resect ext seg lg bowel
19,Milk - 2%,Mauv,Vaginal operation NEC
20,"Bar Mix - Pina Colada, 355 Ml",Goldenrod,Remov vaginal diaphragm
21,Vol Au Vents,Indigo,Lower lid rhytidectomy
22,Jerusalem Artichoke,Violet,Aortocor bypas-2 cor art
23,Cheese - St. Paulin,Mauv,Form cutan ureterostomy
24,Beef - Top Butt Aaa,Pink,Perirectal incision
25,Sprouts - Corn,Blue,Peritonsillar i & d
26,Coffee - French Vanilla Frothy,Teal,Dx proc mediastinum NEC
27,Filo Dough,Green,Auto hem stem ct w/o pur
28,Pastry - Baked Cinnamon Stick,Blue,Peritoneal lavage
29,Soup Campbells Beef With Veg,Mauv,Parasitology-female gen
30,"Sauce - Soya, Light",Indigo,Ligation of vas deferens
31,Bagel - Plain,Turquoise,Cl reduc disloc-shoulder
32,Cheese - Brick With Pepper,Orange,Lap remove both ovaries
33,"Pork - Butt, Boneless",Teal,Imp/rep mchan cochl pros
34,"Lamb - Whole Head Off,nz",Violet,Intracran endarterectomy
35,Muffin Orange Individual,Violet,Mri of brain & brainstem
36,Bread Sour Rolls,Green,Delayed tendon suture
37,Clams - Bay,Maroon,Local vulvar excis NEC
38,Milk - Condensed,Turquoise,X-ray of gravid uterus
39,Butter - Salted,Goldenrod,C-vasc scan/isotop funct
40,Parsnip,Indigo,Tot mandibulec w reconst
41,Milk Powder,Indigo,Suture cord & epid lacer
42,"Water - Mineral, Carbonated",Aquamarine,CAS w CT/CTA
43,Longos - Cheese Tortellini,Blue,Free skin graft NEC
44,Beef - Ground Lean Fresh,Blue,Excision of joint NEC
45,Bread Fig And Almond,Indigo,Repair of uvula
46,Wakami Seaweed,Yellow,Other pyloroplasty
47,Lemon Balm - Fresh,Red,Other orthodontic operat
48,"Pasta - Linguini, Dry",Blue,Creat peritoneovas shunt
49,Bread Base - Goodhearth,Crimson,Ant synechia lysis NEC
50,Flour Dark Rye,Pink,Sympathetic nerve repair
51,"Tomatoes - Vine Ripe, Yellow",Turquoise,Rem cath cranial cav/tis
52,"Cheese - Havarti, Roasted Garlic",Purple,Pituitary biopsy NOS
53,Fruit Mix - Light,Pink,Toxicology-endocrine
54,Extract - Lemon,Puce,Bilateral nephrectomy
55,Wine - Gato Negro Cabernet,Turquoise,Other skull dx procedure
56,"Shrimp - 16 - 20 Cooked, Peeled",Red,Remov pancreatic tube
57,Pastry - Trippleberry Muffin - Mini,Indigo,Opn ind ing hern-gft NEC
58,Beer - Upper Canada Light,Indigo,Refus lmb/lmbsac ant/ant
59,Salami - Genova,Puce,Perc ins carotid stent
60,Celery Root,Blue,Cervical sympathectomy
61,Lemon Balm - Fresh,Goldenrod,Skin defect tattooing
62,Vegetable - Base,Yellow,Skel xray-elbow/forearm
63,Cheese - La Sauvagine,Violet,Fus/refus 2-3 vertebrae
64,Veal - Heart,Violet,Intestinal op NEC
65,Mousse - Banana Chocolate,Green,Hrt revas byps anas NEC
66,Pepper - Gypsy Pepper,Green,Endotracheal bronchogram
67,Jameson - Irish Whiskey,Blue,Rep anuls fibros NEC/NOS
68,Hot Choc Vending,Khaki,Thalamus operations
69,Puree - Kiwi,Aquamarine,Insert/replac skull tong
70,"Juice - Cranberry, 341 Ml",Crimson,Cystocele repair
71,Beer - Pilsner Urquell,Fuscia,Lumbosac spine x-ray NEC
72,Shrimp - Black Tiger 6 - 8,Violet,Polypectomy of rectum
73,"Ice - Clear, 300 Lb For Carving",Khaki,Imp/repl spine stim lead
74,Appetiser - Bought,Blue,Partial pinealectomy
75,Plate Foam Laminated 9in Blk,Green,Open reduc-dislocat NEC
76,"Tomatoes - Cherry, Yellow",Yellow,Pacemaker volt threshold
77,Nantucket - Pomegranate Pear,Turquoise,Foot & toe arthroscopy
78,Lamb - Bones,Mauv,Hyperbaric oxygenation
79,Pepsi - 600ml,Turquoise,Linear rep lid lacer
80,Apple - Royal Gala,Mauv,Fallopian tube dilation
81,Soup - Campbells Mac N Cheese,Blue,Inject/inf thrombo agent
82,Ham - Proscuitto,Turquoise,Exc branchial cleft cyst
83,Tea Peppermint,Orange,Toxicology-eye
84,Coffee - Dark Roast,Khaki,Metatar/tar wedg osteot
85,Wine - Savigny - Les - Beaune,Aquamarine,Other muscle/fasc suture
86,Wine - Prosecco Valdobiaddene,Pink,Bile duct repair NEC
87,"Asparagus - White, Fresh",Purple,Op on 1 extraoc musc NEC
88,Bay Leaf Ground,Mauv,2nd op post eye rem NEC
89,Crab - Meat Combo,Maroon,Exc wound debridement
90,Cheese - Goat With Herbs,Green,Oth bone repair/plast op
91,"Bread - Multigrain, Loaf",Violet,D & C NEC
92,Bread Crumbs - Japanese Style,Crimson,Lap remove both ovaries
93,Dome Lid Clear P92008h,Fuscia,Ventricl shunt-abdomen
94,Spinach - Packaged,Violet,Foot joint struct divis
95,"Ice - Clear, 300 Lb For Carving",Khaki,Excis spinal cord lesion
96,Soup - Campbells Chicken,Crimson,Excision of joint NEC
97,Onions - White,Goldenrod,Brain repair
98,Gatorade - Lemon Lime,Fuscia,Corneal tattooing
99,Boogies,Purple,Root canal NOS
100,Ham - Proscuitto,Crimson,Smallpox vaccination
101,Pizza Pizza Dough,Puce,Partial hepatectomy
102,Juice - Orange,Indigo,Oth transureth prostatec
103,Mushroom - White Button,Aquamarine,Suture ext ear lac
104,Salami - Genova,Blue,Retina tear photocoa NOS
105,Wine - Jackson Triggs Okonagan,Turquoise,Ins/repl interspine dev
106,Halibut - Steaks,Teal,Alo bone marrow trnsplnt
107,Lobak,Turquoise,Conduit rt vent-pul art
108,Grenadine,Orange,Closed fx reduct humerus
109,Bar - Sweet And Salty Chocolate,Red,Vaginal const w grf/pros
110,Garbage Bags - Black,Violet,Drug rehab/detox
111,Pastry - Mini French Pastries,Khaki,Open osteoplas mand rami
112,Milk - Homo,Yellow,Correct everted punctum
113,"Corn - Cream, Canned",Indigo,Head tomography NEC
114,Allspice - Jamaican,Indigo,Toe reattachment
115,Bread - Rosemary Focaccia,Crimson,Local sm bowel perfusion
116,Appetizer - Southwestern,Khaki,Destruct conjunc les NEC
117,Beets,Puce,Exc les sft tiss hnd NEC
118,"Pasta - Fusili, Dry",Violet,Remove both testes
119,Lemon Grass,Khaki,Clos pharynx fistula NEC
120,Wine - Maipo Valle Cabernet,Crimson,Tot ostectomy-femur
121,"Beans - Kidney, Red Dry",Orange,Post sphincterotomy
122,Coffee Guatemala Dark,Khaki,Inject antidote
123,"Bread - Roll, Canadian Dinner",Maroon,Parasitology-upper urin
124,Pear - Prickly,Orange,Culdoscopy
125,Duck - Legs,Indigo,Lap reimplant of ovary
126,Potatoes - Peeled,Aquamarine,Lap biopsy of ovary
127,Tomatoes - Hot House,Orange,C & s-upper urinary
128,Tomatillo,Blue,Tot ostect-radius/ulna
129,Mushroom - Porcini Frozen,Mauv,Conjunctival op NEC
130,Beets - Golden,Teal,Bunionect/sft/osteotomy
131,Banana,Maroon,Upper limb amputat NOS
132,"Bread - Roll, Calabrese",Orange,Other nasal sinus ops
133,Potatoes - Peeled,Fuscia,Debrid opn fx-tibia/fib
134,"Soda Water - Club Soda, 355 Ml",Red,Lithium therapy
135,Soup Campbells Turkey Veg.,Indigo,Reattach amputated ear
136,Shrimp - 150 - 250,Aquamarine,Interat ven retrn transp
137,Pastry - Raisin Muffin - Mini,Goldenrod,X-ray of gravid uterus
138,Tamarind Paste,Violet,Dx aspirat-ant chamber
139,"Lettuce - Romaine, Heart",Pink,Loc exc bone les humerus
140,Ecolab - Solid Fusion,Turquoise,Patellar wedge osteotomy
141,Wine - Vovray Sec Domaine Huet,Goldenrod,Noninvas elect stimulatn
142,"Nut - Walnut, Pieces",Aquamarine,"Exc,destrct,exclus LAA"
143,Bagel - Sesame Seed Presliced,Crimson,Atrial cardioversion
144,Maintenance Removal Charge,Aquamarine,Oth excise duodenum les
145,Table Cloth 54x72 Colour,Indigo,Urethral biopsy
146,Paper - Brown Paper Mini Cups,Crimson,Detach retina-diathermy
147,Pop - Club Soda Can,Violet,Abdominal wall biopsy
148,Wine - Wyndham Estate Bin 777,Yellow,Oth seg lung resect NOS
149,Carrots - Mini Red Organic,Violet,Allo hem stem ct w purg
150,"Water - Mineral, Natural",Violet,Cl reduc disloc-shoulder
151,Tea - Apple Green Tea,Turquoise,Simp exc lymph struc NEC
152,Ocean Spray - Kiwi Strawberry,Orange,Nasophary contrast x-ray
153,Taro Leaves,Fuscia,Neurolyt injec-symp nrv
154,"Veal - Tenderloin, Untrimmed",Crimson,Bil breast injec-augment
155,Anisette - Mcguiness,Violet,Closed adrenal gland bx
156,Icecream - Dstk Strw Chseck,Green,Ven cath renal dialysis
157,Absolut Citron,Green,Respiratory measure NEC
158,Vinegar - Cider,Red,Bronchial ligation
159,Halibut - Steaks,Purple,Aortocor bypas-2 cor art
160,Coffee - Decafenated,Crimson,Foot synovectomy
161,"Shrimp - 16 - 20 Cooked, Peeled",Turquoise,Vag diaphragm insertion
162,Appetizer - Sausage Rolls,Yellow,Soft tissue dx proc NEC
163,Zucchini - Yellow,Mauv,Trabeculotomy ab externo
164,Sauce - Salsa,Yellow,Thymus transplantation
165,Bread - French Stick,Maroon,Dermabrasion
166,Grenadine,Red,Nasal sinus repair NEC
167,Potatoes - Fingerling 4 Oz,Goldenrod,Intravas img non-cor OCT
168,Horseradish - Prepared,Goldenrod,Remov intralum trach FB
169,Chicken - Soup Base,Puce,Hypothermia
170,Appetizer - Shrimp Puff,Indigo,Closed breast biopsy
171,Nacho Chips,Khaki,Uterus/adnexa repair NEC
172,"Apple - Delicious, Red",Mauv,Pituitary gland incision
173,Salt And Pepper Mix - White,Teal,Frontal sinusectomy
174,Wine - Tribal Sauvignon,Yellow,Oth extraoc mus-tend op
175,Beer - Sleemans Cream Ale,Puce,Periurethral excision
176,Lamb - Bones,Khaki,Latiss dorsi myocut flap
177,Wine - Cave Springs Dry Riesling,Red,Repair of pleura
178,"Ecolab - Orange Frc, Cleaner",Goldenrod,Facial bone/jnt op NEC
179,Cup - 8oz Coffee Perforated,Green,Thorac sm bowel interpos
180,Arctic Char - Fillets,Indigo,Construction ear auricle
181,"Juice - Clamato, 341 Ml",Aquamarine,App ext fix dev-ring sys
182,"Lamb - Racks, Frenched",Teal,Bunionect/sft/arthrodes
183,Latex Rubber Gloves Size 9,Puce,Lacrim sac/passage excis
184,Apples - Sliced / Wedge,Puce,Suture penile laceration
185,"Nut - Cashews, Whole, Raw",Indigo,Cl reduct maxillary fx
186,"Yogurt - Strawberry, 175 Gr",Turquoise,Unil femor hrn rep-grft
187,Nantucket - Pomegranate Pear,Violet,Surg induct labor NEC
188,"Shrimp - 21/25, Peel And Deviened",Puce,Linear rep lid lacer
189,Silicone Paper 16.5x24,Purple,Subtotal mastectomy
190,Cheese - Pied De Vents,Teal,Repair heart assist sys
191,Avocado,Goldenrod,Cryosurg lid epilation
192,Sandwich Wrap,Maroon,Periren/vesicle excision
193,Cheese - Grie Des Champ,Turquoise,1 extraoc muscl resect
194,Wine - Sicilia Igt Nero Avola,Crimson,Peritoneal incision
195,"Juice - Apple, 341 Ml",Indigo,Continent ileostomy
196,Puree - Guava,Violet,Hand/finger joint biopsy
197,Vodka - Smirnoff,Puce,Reduction genioplasty
198,Ice Cream Bar - Drumstick,Mauv,C & s-lower GI
199,Cup - Paper 10oz 92959,Maroon,Facial bone biopsy
200,Coffee Swiss Choc Almond,Indigo,Knee joint biopsy
201,"Wine - Red, Cooking",Violet,Transab cerclage cervix
202,Beef - Diced,Turquoise,Cervical repair NEC
203,"Coconut - Creamed, Pure",Fuscia,Incise bartholin's gland
204,Fondant - Icing,Maroon,Incision of mediastinum
205,Pectin,Purple,Imp/repl spine stim lead
206,Clementine,Aquamarine,Unil subq mammect-implnt
207,Wine - Mondavi Coastal Private,Puce,SuperSat O2 therapy
208,Wine - Zinfandel California 2002,Yellow,Toxicology-spleen/marrow
209,"Wine - Red, Mosaic Zweigelt",Puce,Procedure-one vessel
210,Garlic,Teal,Indwell cath irrig NEC
211,"Beans - Kidney, Canned",Teal,Part dacryoadenect NEC
212,Nescafe - Frothy French Vanilla,Fuscia,Intralum vag adhesiolys
213,Sprite - 355 Ml,Puce,Pancreatic anastomosis
214,Rice - Aborio,Crimson,Repair vess w patch NOS
215,"Syrup - Monin, Irish Cream",Aquamarine,Bone grft to metacar/car
216,V8 Splash Strawberry Banana,Goldenrod,Hand muscle reattachment
217,Pork Ham Prager,Aquamarine,High forceps w episiot
218,Beef - Top Butt,Blue,Ureteral meatotomy
219,Trueblue - Blueberry 12x473ml,Maroon,Aortcor bypas-4+ cor art
220,"Beef - Rib Roast, Cap On",Blue,Complete thyroidectomy
221,Wine - Zinfandel California 2002,Khaki,Rep vess w synth patch
222,Temperature Recording Station,Turquoise,Tooth implantation
223,Mix - Cocktail Ice Cream,Pink,Rev knee repl-tibia comp
224,Wine - Tio Pepe Sherry Fino,Red,Destruct joint les NEC
225,French Pastries,Red,Close renal fistula NEC
226,Pate - Peppercorn,Yellow,Cell blk/pap-bili/pancre
227,Butter - Unsalted,Pink,Remov intralum esoph FB
228,Muffin Batt - Choc Chk,Goldenrod,Total ostectomy-humerus
229,Gatorade - Cool Blue Raspberry,Fuscia,Vectorcardiogram
230,Flower - Potmums,Fuscia,Other femoral incision
231,Steel Wool,Khaki,Oth excise duodenum les
232,"Beef - Tongue, Fresh",Fuscia,Lid lacer rx-prt th NEC
233,Ice Cream Bar - Rolo Cone,Mauv,Symphysiotomy
234,"Pasta - Fettuccine, Dry",Teal,Eyelid biopsy
235,Tea - Green,Puce,Excis cyst duct remnant
236,Quail Eggs - Canned,Goldenrod,Rep anuls fibros NEC/NOS
237,Flour - Strong Pizza,Red,Lap appendectomy
238,Compound - Rum,Puce,Tm contrast arthrogram
239,"Salmon - Atlantic, Skin On",Red,Rev knee repl-tibia comp
240,Muffin Hinge 117n,Teal,Culdocentesis
241,"Water, Tap",Violet,Revis/reinsert ocul imp
242,Ice Cream - Vanilla,Turquoise,Open bx saliv gland/duct
243,Langers - Cranberry Cocktail,Mauv,Lap robotic assist proc
244,Aspic - Light,Blue,Nasal fistula closure
245,Beer - Heinekin,Fuscia,Inject/infuse NEC
246,Cheese - Cream Cheese,Blue,Leg varicos v liga-strip
247,Sherbet - Raspberry,Goldenrod,Ankle fusion
248,Orange - Tangerine,Purple,Arthroplasty carpal w/o
249,Gloves - Goldtouch Disposable,Puce,Open reduc-elbow disloc
250,"Nut - Hazelnut, Ground, Natural",Aquamarine,Appl ext fix-chest cage
251,"Soup - Campbells, Minestrone",Red,Urethral pressure profil
252,Apple - Northern Spy,Yellow,Removal of lead w/o repl
253,Potatoes - Mini White 3 Oz,Teal,Remove FB lens NOS
254,Garam Masala Powder,Crimson,Left heart cardiac cath
255,Pastry - French Mini Assorted,Pink,Insert valve in vas def
256,Appetizer - Sausage Rolls,Goldenrod,Percutaneous pyelogram
257,"Fish - Scallops, Cold Smoked",Khaki,Allo hem stem ct w/o pur
258,Trout Rainbow Whole,Red,Incision of bronchus
259,Lettuce - Green Leaf,Aquamarine,Electromyography
260,Syrup - Monin - Passion Fruit,Fuscia,Remov small bowel tube
261,Sauce - Sesame Thai Dressing,Crimson,Dx ultrasound-heart
262,Sugar - Fine,Aquamarine,Radiotherapeut proc NEC
263,Chocolate Liqueur - Godet White,Green,Prosthetic evaluation
264,Trueblue - Blueberry 12x473ml,Orange,Diphtheria toxoid admin
265,Crackers Cheez It,Red,Suture of artery
266,"Lemonade - Kiwi, 591 Ml",Mauv,Spermatic cord incision
267,Lychee,Goldenrod,Cardiac rhythm conv NEC
268,Lotus Root,Teal,Imp limb length kinetic
269,Glove - Cutting,Aquamarine,Bact smear-lower urinary
270,Appetiser - Bought,Fuscia,Laparoscopy
271,Bread - Frozen Basket Variety,Purple,Replace wound pack/drain
272,Pie Filling - Cherry,Orange,Prosthet/orthot training
273,"Potatoes - Purple, Organic",Crimson,Periprostatic biopsy
274,Baking Powder,Maroon,Dpt administration
275,Cabbage - Nappa,Khaki,Cardiac biopsy
276,Juice - Prune,Fuscia,Extraocul mus transposit
277,"Beans - Fava, Canned",Indigo,Op on 1 extraoc musc NEC
278,Wine - Muscadet Sur Lie,Purple,Closed valvotomy NOS
279,"Nut - Pistachio, Shelled",Indigo,Micro exam-lower GI NEC
280,Venison - Racks Frenched,Purple,Male sterilization NOS
281,Bread Ww Cluster,Maroon,Metacar/car division NEC
282,Cheese - Perron Cheddar,Khaki,Gracilis musc transplan
283,Wasabi Powder,Teal,Injec therap sbst tm jnt
284,Wine - Two Oceans Sauvignon,Aquamarine,Toxicology-lower resp
285,Calypso - Pineapple Passion,Khaki,Thermokeratoplasty
286,"Soup - Campbells, Classic Chix",Red,Insert nasopharyn airway
287,Greens Mustard,Green,Eyelid operation NEC
288,"Nestea - Ice Tea, Diet",Goldenrod,Ops assisting deliv NEC
289,Glass Clear 8 Oz,Pink,Other destru urethra les
290,Octopus,Green,Spine canal struc op NEC
291,Cheese - Victor Et Berthold,Orange,Repair vulvar fistula
292,Broom - Corn,Yellow,Unilat lung transplant
293,Tea - Herbal Sweet Dreams,Indigo,Stern esophagoesophagost
294,Pears - Anjou,Indigo,Contrast dacryocystogram
295,Tuna - Bluefin,Violet,Bone thermography
296,"Nut - Hazelnut, Whole",Teal,Bone graft to humerus
297,Rhubarb,Aquamarine,Osteoplasty mandible bdy
298,Wine - Blue Nun Qualitatswein,Goldenrod,Conduit left ventr-aorta
299,Coffee - Cafe Moreno,Indigo,Drug detoxification
300,"Brandy - Orange, Mc Guiness",Turquoise,Appendicostomy
301,Ice Cream Bar - Rolo Cone,Yellow,Stern interposition NEC
302,Arrowroot,Red,Paraurethral suspension
303,Alize Red Passion,Pink,Cervical cyst marsupial
304,Cornflakes,Fuscia,Tot face bone ostect NEC
305,Cake - Cake Sheet Macaroon,Mauv,Saliv glnd dx proc NEC
306,Eggs - Extra Large,Purple,Destruct mediastin les
307,Bagel - Sesame Seed Presliced,Yellow,Thermokeratoplasty
308,Mikes Hard Lemonade,Violet,Tetanus antitoxin admini
309,Bar Bran Honey Nut,Green,Hemodialysis
310,Dc - Sakura Fu,Green,Remove penetrat FB eye
311,Fondant - Icing,Khaki,Thyroid reimplantation
312,Beets - Pickled,Pink,Replace large bowel tube
313,Pepper - Gypsy Pepper,Aquamarine,Clos bx saliv gland/duct
314,Appetizer - Smoked Salmon / Dill,Maroon,Bilat subq mammectom NEC
315,Mushroom - Morel Frozen,Khaki,Parasitlolgy-lower urin
316,Wine - Casillero Del Diablo,Puce,Rem int bivent hrt sys
317,Tray - 16in Rnd Blk,Indigo,Injection into marrow
318,Wine - Marlbourough Sauv Blanc,Teal,Sphinct of oddi measure
319,Graham Cracker Mix,Purple,Cls reduc-sep epiphy NOS
320,Kolrabi,Teal,Other fetal monitoring
321,"Wine - Mas Chicet Rose, Vintage",Teal,Carporadial fusion
322,Longos - Assorted Sandwich,Indigo,Other repair of ankle
323,Jam - Apricot,Violet,Remove imp device NOS
324,"Shrimp - Baby, Warm Water",Fuscia,Antitoxin administra NEC
325,Miso Paste White,Fuscia,Femoral biopsy
326,Apple - Custard,Green,Contrast aortogram
327,Vinegar - Balsamic,Goldenrod,Trans bal dil pros ureth
328,Steel Wool S.o.s,Orange,Ins/repl pdcl stabil dev
329,Sterno - Chafing Dish Fuel,Aquamarine,Oth patella repair/plast
330,Cape Capensis - Fillet,Aquamarine,Bact smear-ent/larynx
331,Pork Casing,Teal,Lap remove rem ova/tube
332,Cucumber - English,Green,Parasitology-lymph sys
333,Kirsch - Schloss,Khaki,Esophagectomy NOS
334,Beer - Mill St Organic,Indigo,Pituitary biopsy NOS
335,Beer - Maudite,Red,Open brain biopsy
336,Pop Shoppe Cream Soda,Violet,Thoracic duct op NEC
337,Puree - Pear,Blue,Destruc-foot jt les NEC
338,Towel Multifold,Turquoise,Fetal ekg
339,Ice Cream Bar - Oreo Sandwich,Fuscia,Conduit artium-pulm art
340,Lentils - Green Le Puy,Green,Construction of penis
341,"Wine - Red, Antinori Santa",Red,Oth femur repair/plastic
342,Hot Chocolate - Individual,Puce,Lap robotic assist proc
343,Wine - Magnotta - Belpaese,Violet,Splenotomy
344,Broom - Push,Indigo,Correction fetal defect
345,Crackers - Water,Indigo,"Hip surface, cermc/cermc"
346,Clementine,Red,Remov imp dev-metac/carp
347,Pectin,Turquoise,Other nasal sinus ops
348,Melon - Honey Dew,Violet,Excise diaphragm lesion
349,Cucumber - English,Teal,Suture peptic ulcer NOS
350,"Star Anise, Whole",Indigo,Frontal sinusectomy
351,Truffle Cups - Brown,Maroon,Incis vulva/perineum NEC
352,Cup - Paper 10oz 92959,Crimson,Laser destruc rectal les
353,Plasticforkblack,Puce,Contrast arteriogram-leg
354,Nacho Chips,Teal,Open reduc-ankle disloc
355,Langers - Cranberry Cocktail,Red,Oth remove ovaries/tubes
356,Mushroom - Porcini Frozen,Mauv,Other bone dx proc NEC
357,"Bread - Crumbs, Bulk",Green,Irrigation of nasal pass
358,"Beef - Rib Roast, Cap On",Aquamarine,Classical c-section
359,Beer - Muskoka Cream Ale,Maroon,Heart repair revision
360,Sping Loaded Cup Dispenser,Yellow,Chest x-ray NEC
361,Cheese - Mascarpone,Khaki,Instrument delivery NEC
362,Butter Balls Salted,Blue,Smallpox vaccination
363,"Nut - Almond, Blanched, Sliced",Pink,Excision thyroid lesion
364,Sausage - Meat,Maroon,Radical vulvectomy
365,Pepsi - 600ml,Orange,Eyelid biopsy
366,Flour - Whole Wheat,Khaki,Sclera reinforcement NEC
367,Wine - Sawmill Creek Autumn,Purple,Mastoid incision
368,Rice - Sushi,Puce,Neurectasis
369,Ham - Cooked Bayonne Tinned,Purple,Partial ventriculectomy
370,Appetizer - Sausage Rolls,Yellow,C & s-lower resp
371,"Pasta - Penne Primavera, Single",Goldenrod,Renal injection NEC
372,Star Fruit,Green,Remve ext hrt assist sys
373,"Bread - Multigrain, Loaf",Turquoise,Endovas repl uns hrt vlv
374,Lettuce - Spring Mix,Orange,Small bowel suture NEC
375,Wine - Prosecco Valdobiaddene,Violet,Cord bld stem cell trans
376,Grapefruit - Pink,Maroon,Transposition of nipple
377,Pea - Snow,Maroon,Lysis of tongue adhesion
378,Carbonated Water - White Grape,Crimson,Destr sm bowel les NEC
379,Cheese - Comtomme,Green,Excise epididymis cyst
380,"Nut - Cashews, Whole, Raw",Purple,Lap lys periren/uret adh
381,Cheese - Mascarpone,Fuscia,Open pancreatic biopsy
382,"Potatoes - Yukon Gold, 80 Ct",Yellow,Oth metatars/tars incis
383,Mints - Striped Red,Turquoise,Toxicology NOS
384,Pectin,Turquoise,Excis perianal skin tag
385,Swiss Chard - Red,Teal,Tonsillectomy
386,Versatainer Nc - 888,Mauv,Hemorr contrl post T & A
387,Pork Ham Prager,Khaki,Tracheostomy toilette
388,Chivas Regal - 12 Year Old,Maroon,Parastern hernia repair
389,Lid Coffee Cup 8oz Blk,Red,Open reduct-int fix toe
390,Bread - French Stick,Blue,Injection into pericard
391,Wine - Guy Sage Touraine,Red,Divis glossopharyng nerv
392,"Pepper - Green, Chili",Indigo,Bact smear-eye
393,Soup Campbells Mexicali Tortilla,Puce,Imp tot int bi ht rp sys
394,Crab Meat Claw Pasteurise,Teal,Lap part cholecystectomy
395,"Liners - Banana, Paper",Blue,Thorax sft tiss xray NEC
396,Sobe - Berry Energy,Pink,Transureth prostatectomy
397,Scallop - St. Jaques,Khaki,Oth intraop mag res imag
398,"Tray - Foam, Square 4 - S",Blue,Part breech extract NEC
399,Arctic Char - Fillets,Green,Mandibular reconst NEC
400,Energy Drink - Franks Original,Goldenrod,Thyroid vessel ligation
401,"Chocolate - Pistoles, Lactee, Milk",Pink,Cl reduc disloc-foot/toe
402,Potato - Sweet,Pink,Diagnostic asp of orbit
403,"Chocolate - Milk, Callets",Blue,Bone graft NOS
404,Coffee Cup 12oz 5342cd,Aquamarine,Femoral sequestrectomy
405,"Rum - Spiced, Captain Morgan",Crimson,Contr phlebogram-pulmon
406,"Wine - Red, Cabernet Merlot",Crimson,Other suture of tendon
407,Rye Special Old,Indigo,Thermcaut scler w iridec
408,Bagel - Plain,Goldenrod,Culture-peritoneum
409,Cheese - Brick With Onion,Green,Digital enterostomy exam
410,Beets,Goldenrod,Destruction tongue les
411,English Muffin,Crimson,Clinical hearing test
412,Celery Root,Crimson,Repair ob lac corp uteri
413,Saskatoon Berries - Frozen,Green,Tympanosympathectomy
414,Bacardi Breezer - Tropical,Crimson,Open biliary tract bx
415,Chip - Potato Dill Pickle,Indigo,Intravas msmnt thorc art
416,Foam Espresso Cup Plain White,Goldenrod,Oth repair han/fin/wris
417,"Sauce - Bernaise, Mix",Violet,Bone scan
418,Goldschalger,Mauv,Aorta-iliac-femor bypass
419,Gingerale - Diet - Schweppes,Pink,Psychodrama
420,Laundry - Bag Cloth,Goldenrod,Ins nondrug elut cor st
421,Bread - Triangle White,Crimson,Toxicology-peritoneum
422,"Juice - Pineapple, 341 Ml",Blue,Incision of testes
423,"Flour - Bran, Red",Goldenrod,Repair of ovary NEC
424,Crab - Meat Combo,Pink,Ophth counsel & instruct
425,Crab - Soft Shell,Violet,Other heart/pericard ops
426,Table Cloth - 53x69 Colour,Red,Remov large bowel tube
427,Veal - Inside,Fuscia,Open gastric biopsy
428,Cheese - Le Cheve Noir,Mauv,Audit & vestib test NEC
429,"Pepper - Black, Crushed",Mauv,Polio vaccine administra
430,Spinach - Packaged,Puce,"Oth exc, fus, repair toe"
431,Truffle Shells - Semi - Sweet,Maroon,Bladder reconstruction
432,"Ranchero - Primerba, Paste",Teal,Intracran ves resec-anas
433,Tart - Pecan Butter Squares,Fuscia,Lacrimal sys dx proc NEC
434,Buffalo - Short Rib Fresh,Yellow,Interposit op uterin lig
435,Gooseberry,Red,Hip arthroscopy
436,"Shrimp - Baby, Cold Water",Violet,Cryosurg destr rect les
437,Turkey - Ground. Lean,Orange,Simpl suture fallop tube
438,Bonito Flakes - Toku Katsuo,Maroon,Excise bone for grft NOS
439,"Asparagus - White, Fresh",Puce,Gas hysterosalpingogram
440,Wine - Balbach Riverside,Puce,Appl ext fix dev-patella
441,Higashimaru Usukuchi Soy,Pink,Other appendectomy
442,Cheese - Perron Cheddar,Aquamarine,Excis metacar/car-graft
443,Kumquat,Khaki,Vaginoscopy
444,Shrimp - Black Tiger 16/20,Teal,Therapeu erythropheresis
445,Oil - Shortening - All - Purpose,Violet,Postop vas reconstruct
446,Cup - 4oz Translucent,Aquamarine,Debrid open fx-humerus
447,Sea Bass - Whole,Goldenrod,Lymphatic system scan
448,Juice - Ocean Spray Cranberry,Green,Repair vess w patch NOS
449,"Cheese - Cheddar, Medium",Maroon,Oth periton adhesiolysis
450,Lettuce - Boston Bib - Organic,Maroon,Ventricl shunt tube punc
451,Cattail Hearts,Khaki,Repair of spleen
452,Wine - Wyndham Estate Bin 777,Blue,Lingual frenotomy
453,Bowl 12 Oz - Showcase 92012,Fuscia,Exposure of tooth
454,"Water - Mineral, Natural",Violet,Vag diaphragm insertion
455,Duck - Fat,Green,Interview & evaluat NOS
456,Clams - Canned,Puce,Fit up arm/should prosth
457,Mace,Pink,Cystocel/rectocel repair
458,Appetizer - Seafood Assortment,Maroon,Nonmag remov ant seg FB
459,"Cheese - Brie, Cups 125g",Khaki,Adm neuroprotective agnt
460,Initation Crab Meat,Goldenrod,Bursotomy
461,Chinese Foods - Pepper Beef,Goldenrod,Diagnostic imaging NOS
462,Raspberries - Fresh,Violet,Cl fx reduc-int fix NOS
463,Sun - Dried Tomatoes,Violet,Stapedect w replac incus
464,"Sole - Dover, Whole, Fresh",Pink,Colostomy NOS
465,Soup Campbells Beef With Veg,Pink,Patellar wedge osteotomy
466,Table Cloth 81x81 White,Purple,Diphtheria toxoid admin
467,Chinese Lemon Pork,Pink,Other plastic ops muscle
468,Lettuce - Green Leaf,Red,Skel xray-pelvis/hip NEC
469,Filling - Mince Meat,Purple,Pineal field exploration
470,"Mushroom - Porcini, Dry",Purple,Ant nasal pack for epist
471,Coffee - Ristretto Coffee Capsule,Aquamarine,Bladder neck dilation
472,Goat - Leg,Blue,Culture NOS
473,Beans - Soya Bean,Purple,Fallopian tube dilation
474,Capers - Ox Eye Daisy,Puce,Replace trac/laryn stent
475,"Crab - Claws, 26 - 30",Teal,Referral psych rehab NEC
476,"Pepper - Chipotle, Canned",Green,Periph nerv anastom NEC
477,Ginger - Crystalized,Mauv,Other fetal monitoring
478,"Wine - Bourgogne 2002, La",Goldenrod,Ovarian dx procedure NEC
479,Wine - Cotes Du Rhone,Goldenrod,Ileal conduitogram
480,Food Colouring - Orange,Orange,Vacuum ext del w episiot
481,Cheese - Wine,Pink,Excise femur for graft
482,Crackers - Water,Orange,Loc exc bony palate les
483,Olives - Morracan Dired,Fuscia,Other local destruc skin
484,V8 - Berry Blend,Purple,Ins non-d-e non-cor stnt
485,"Wine - Mas Chicet Rose, Vintage",Yellow,Totl reconst breast NEC
486,Octopus,Green,Hand joint struct divis
487,"Crab - Back Fin Meat, Canned",Yellow,Remove tracheostomy tube
488,Foam Tray S2,Red,Bact smear-peritoneum
489,Cornish Hen,Purple,Remove ext mand fix dev
490,French Kiss Vanilla,Maroon,Lam keratplast w autgrft
491,Containter - 3oz Microwave Rect.,Aquamarine,Neurologic examination
492,"Lentils - Red, Dry",Teal,Parasitology-integument
493,Nantucket - Kiwi Berry Cktl.,Purple,Ins/rep sens-crd/vsl mtr
494,Pecan Raisin - Tarts,Maroon,Nasal sinus dx proc NEC
495,Bread - Wheat Baguette,Indigo,Rev knee repl-femur comp
496,Relish,Teal,Joint movement training
497,"Beef - Tongue, Fresh",Goldenrod,Breast injection
498,Creme De Cacao Mcguines,Pink,Debrid opn fx-tibia/fib
499,Soup - Boston Clam Chowder,Green,Revis ureteroenterostomy
500,Cheese - Mascarpone,Goldenrod,Sutur capsul/ligamen arm
501,Napkin - Beverage 1 Ply,Pink,Penile operation NEC
502,Muffin Mix - Oatmeal,Pink,Bone division NEC
503,"Soup - Campbells, Creamy",Goldenrod,Ins drug-elut coronry st
504,Wine - Beringer Founders Estate,Fuscia,Int fixation-metatar/tar
505,Garlic,Mauv,Chng hnd mus/ten lng NEC
506,"Soup - Knorr, Ministrone",Green,Opn/oth repl pul valve
507,Ginsing - Fresh,Pink,Culture-musculoskeletal
508,Nutmeg - Ground,Indigo,Upper limb lymphangiogrm
509,Creamers - 10%,Puce,Sm bowel dx proc NEC
510,Oil - Margarine,Fuscia,Corneal dx proc NEC
511,Tea - Grapefruit Green Tea,Maroon,Incision of aorta
512,"Mushroom - Chantrelle, Fresh",Aquamarine,Gastric freezing
513,Anchovy Fillets,Orange,Total ankle replacement
514,Greens Mustard,Green,Oth lap loc exc dest ova
515,Wine - Malbec Trapiche Reserve,Blue,Rvrs totl shldr replacmt
516,Cocoa Feuilletine,Teal,Fetal pulse oximetry
517,"Cake Circle, Foil, Scallop",Violet,Up limb sft tis xray NEC
518,Ham - Cooked,Aquamarine,Remov imp dev-radius/uln
519,"Cheese - Brie, Cups 125g",Mauv,Electron teleradiotherap
520,"Bread - Roll, Canadian Dinner",Pink,Other gu instillation
521,Scotch - Queen Anne,Khaki,Cl red-int fix tib/fibu
522,Banana - Green,Fuscia,Neurologic examination
523,"Wine - White, Mosel Gold",Yellow,Oth thorac op thymus NOS
524,Bread - Calabrese Baguette,Blue,Thymectomy NOS
525,Milk - 1%,Khaki,Phonocardiogram
526,Pork Casing,Khaki,Arm varicose v lig-strip
527,Soup - Cream Of Potato / Leek,Teal,Suture lg bowel lacerat
528,Tomatoes - Roma,Blue,Heart countershock NEC
529,"Pork - Bacon, Sliced",Red,Ins intra-ansm pres mntr
530,Lychee,Turquoise,Suture scleral lacer
531,French Kiss Vanilla,Orange,Pros repair atria def-cl
532,"Lid - 10,12,16 Oz",Green,Oth arthrotomy-shoulder
533,Truffle Cups - Brown,Puce,Inj/inf platelet inhibit
534,Honey - Lavender,Blue,Clos reduct tm dislocat
535,Pork - Backfat,Puce,Insert removable bridge
536,Dc Hikiage Hira Huba,Blue,Thoracostomy closure
537,Bread - Wheat Baguette,Maroon,Inj therap subst periton
538,"Quail - Whole, Boneless",Maroon,Nephroscopy
539,Guinea Fowl,Green,Thorac lobectomy lung
540,Wine - George Duboeuf Rose,Blue,Parathyroid reimplant
541,Bread Base - Goodhearth,Teal,Nasal les destruct NEC
542,Cheese - Gorgonzola,Blue,Breast muscle flap graft
543,"Veal - Brisket, Provimi, Bone - In",Violet,Destruc lg bowel les NEC
544,Mousse - Banana Chocolate,Purple,Loc destr renal les NEC
545,Peach - Halves,Red,Cryosurg destr rect les
546,Bread - Raisin,Crimson,Diagnost vitreous aspir
547,Chicken - Tenderloin,Khaki,Opn lft hemicolectmy NEC
548,Chocolate Bar - Reese Pieces,Mauv,Pancreatic heterotranspl
549,"Stock - Chicken, White",Green,Part thyroidectomy NEC
550,Chicken - Leg / Back Attach,Teal,Gastric cooling
551,Potatoes - Mini White 3 Oz,Indigo,Renal diagnost proc NEC
552,Higashimaru Usukuchi Soy,Purple,Aorta resection & anast
553,"Soup - Beef, Base Mix",Orange,Endoscopic ileal conduit
554,Orange - Blood,Teal,Dye hysterosalpingogram
555,Nescafe - Frothy French Vanilla,Violet,Oth reimplant of ovary
556,Onions - Cippolini,Purple,Correction prominent ear
557,Watercress,Green,Cricopharyngeal myotomy
558,Lettuce - Arugula,Khaki,Tu destruc bladd les NEC
559,"Juice - Apple, 500 Ml",Turquoise,Testicular operation NEC
560,Bread - Bistro White,Purple,Incision uterine septum
561,Napkin Colour,Purple,Reduction anal prolapse
562,Cookie Chocolate Chip With,Pink,Coronary bld flow monit
563,Beer - Steamwhistle,Mauv,Oral cavity dx proc NEC
564,Cookies Almond Hazelnut,Red,Excision of wrist NEC
565,Beer - Fruli,Red,Cervical biopsy NEC
566,Gatorade - Fruit Punch,Crimson,Tot substern thyroidect
567,"Beans - Navy, Dry",Khaki,Breast injection
568,Crackers - Trio,Pink,Excision of tonsil tag
569,Berry Brulee,Fuscia,Suture ureteral lacerat
570,Beef Ground Medium,Crimson,Partial ureterectomy
571,Beer - Heinekin,Purple,Uterine support op NEC
572,"Veal - Brisket, Provimi,bnls",Indigo,Semin ves dx proced NEC
573,Cookies - Englishbay Wht,Turquoise,Bact smear-ent/larynx
574,Cranberries - Frozen,Maroon,Reattachment NEC
575,Curry Paste - Madras,Pink,Renal autotransplant
576,Dish Towel,Green,Renal operation NEC
577,"Wine - White, Pinot Grigio",Fuscia,Excis perianal skin tag
578,Cheese - Bakers Cream Cheese,Turquoise,Bilat endosc divis tube
579,Creme De Cacao Mcguines,Crimson,Esophageal graft NEC
580,Cilantro / Coriander - Fresh,Turquoise,Dx ultrasound-vascular
581,Beer - Sleemans Cream Ale,Indigo,Bladder reconstruction
582,Muffin Batt - Ban Dream Zero,Violet,Interphalangeal fusion
583,Lid Tray - 12in Dome,Crimson,Urethral dx proc NEC
584,Schnappes Peppermint - Walker,Goldenrod,Hepatic injection NEC
585,"Salmon - Atlantic, Skin On",Aquamarine,Intracran vessel excis
586,Energy Drink Red Bull,Crimson,Gastric diagnos proc NEC
587,Cheese - Cheddar With Claret,Green,Replace dental packing
588,Higashimaru Usukuchi Soy,Red,Replace lower limb cast
589,Longos - Burritos,Fuscia,Irrigation of nasal pass
590,Flounder - Fresh,Blue,Intra-op electron rad rx
591,Hersey Shakes,Teal,Foot joint struct divis
592,Butter Ripple - Phillips,Aquamarine,Cleft palate correction
593,Vodka - Moskovskaya,Maroon,Achillotenotomy
594,"Tea - Darjeeling, Azzura",Yellow,Repair ob lac corp uteri
595,Flour - Masa De Harina Mexican,Fuscia,Other perfusion
596,Grenadillo,Purple,Repair of uvula
597,Cake Slab,Pink,Lap bil ing hern-grf NOS
598,"Split Peas - Green, Dry",Turquoise,Skull transilluminat
599,Bagel - Plain,Puce,Exc max sinus lesion NEC
600,Broom And Brush Rack Black,Yellow,Adrenal lesion excision
601,Bread Base - Toscano,Violet,Close red-int fix finger
602,Spice - Peppercorn Melange,Violet,Augment mammoplasty NOS
603,Blueberries - Frozen,Yellow,Op red-int fix metac/car
604,Rolled Oats,Mauv,Mmr administration
605,Beer - Corona,Teal,Closed intra-abd mass bx
606,Danishes - Mini Raspberry,Indigo,Shorten 1 extraoc musc
607,Bagelers - Cinn / Brown,Red,Pros rep atrial def-opn
608,Bacardi Mojito,Goldenrod,C & s-ent/larynx
609,Syrup - Kahlua Chocolate,Khaki,Interat ven retrn transp
610,Broom And Broom Rack White,Turquoise,Ventricl shunt-abdomen
611,"Wine - Red, Cabernet Merlot",Aquamarine,Comb alco/drug reha/deto
612,Marzipan 50/50,Red,Open liver biopsy
613,Buffalo - Striploin,Red,Family therapy
614,Wine - Marlbourough Sauv Blanc,Crimson,Salivary repair NEC
615,Foie Gras,Khaki,Total elbow replacement
616,Ice Cream - Chocolate,Khaki,Pros rep ventrc def-clos
617,Table Cloth 62x120 Colour,Aquamarine,Impacted feces removal
618,Nantucket - Pomegranate Pear,Yellow,Other heat therapy
619,Silicone Parch. 16.3x24.3,Purple,Coronary arteriogram NEC
620,Bagel - Everything,Yellow,Inject insulin
621,Flower - Commercial Bronze,Aquamarine,Other repair of joint
622,Pickles - Gherkins,Aquamarine,Tu destr prostate by mt
623,Nescafe - Frothy French Vanilla,Maroon,Duhamel rectal resection
624,"Chocolate - Semi Sweet, Calets",Yellow,Opn lft hemicolectmy NEC
625,Cup Translucent 9 Oz,Mauv,Remove solitary testis
626,Sauce - Balsamic Viniagrette,Yellow,Repair vag fistula NEC
627,Pastry - Chocolate Marble Tea,Purple,Lymphatic system scan
628,"Soup - French Onion, Dry",Goldenrod,Parasitology-lower resp
629,Cheese - Parmesan Grated,Violet,Parasitology NEC
630,Pepper - Red Bell,Blue,Cls red-tibia/fib epiphy
631,Sherry - Dry,Violet,Rad pancreaticoduodenect
632,"Wine - Red, Harrow Estates, Cab",Puce,Closed bx of esophagus
633,Sambuca - Ramazzotti,Purple,Loc exc bone les humerus
634,"Oranges - Navel, 72",Red,Amputation thru humerus
635,Beef - Tenderloin,Green,Pertussis vaccination
636,Wine - Shiraz Wolf Blass Premium,Indigo,Treadmill stress test
637,"Cheese - Cheddar, Medium",Violet,Frontal sinusectomy
638,Cheese - Gorgonzola,Puce,Cl fx reduc-radius/ulna
639,Appetizer - Seafood Assortment,Indigo,Tube & uterus x-ray NEC
640,Noodles - Steamed Chow Mein,Turquoise,Oth arthrotomy-foot/toe
641,Nantucket Orange Juice,Goldenrod,Reduction facial fx NOS
642,Bay Leaf Fresh,Blue,Bilat extend simp mastec
643,Cleaner - Comet,Mauv,Hip synovectomy
644,Tomatoes,Khaki,Subtalr jt arthroereisis
645,Wine - Chenin Blanc K.w.v.,Violet,Uterine les destruct NEC
646,Sprouts Dikon,Yellow,Oth endo proc oth vessel
647,Grenadine,Mauv,"Ins/rep 1 pul gen,rechrg"
648,Boogies,Maroon,Lid marg recon-part thic
649,Poppy Seed,Violet,Excision thyroid lesion
650,"Yogurt - Peach, 175 Gr",Teal,Arth/pros rem wo re-foot
651,Tofu - Soft,Purple,Closure of proctostomy
652,Easy Off Oven Cleaner,Blue,Choledochoenterostomy
653,"Wine - White, Pinot Grigio",Orange,Perivesical incision NEC
654,Lumpfish Black,Maroon,Mammoplasty NEC
655,Sugar - Cubes,Indigo,Bury fimbriae in uterus
656,Yukon Jack,Purple,Eye fluorescein angiogra
657,Bread - Corn Muffaleta Onion,Mauv,Root canal w apicoectomy
658,Pasta - Cheese / Spinach Bauletti,Khaki,Lap umbil hernia-graft
659,Food Colouring - Red,Orange,Anal cerclage
660,Cookie - Dough Variety,Red,Suture vulvar laceration
661,Cattail Hearts,Green,Arterioven fistula rep
662,Flour - Bread,Mauv,Intra-abd venous shunt
663,Milk - 1%,Khaki,Family therapy
664,"Salmon - Atlantic, Fresh, Whole",Teal,C & s-lower urinary
665,Mustard - Seed,Indigo,Replace trach tube
666,Kirsch - Schloss,Goldenrod,App ext fix dev-ring sys
667,Glucose,Green,Toxicology-eye
668,"Plate - Foam, Bread And Butter",Teal,Ins spin disc pros thor
669,"Tart Shells - Savory, 4",Fuscia,Penile diagnost proc NEC
670,Towel Dispenser,Purple,Thoracic tomography NEC
671,"Ranchero - Primerba, Paste",Khaki,Repair staphylom w graft
672,Laundry - Bag Cloth,Red,Destruct chest wall les
673,Wine - Rosso Toscano Igt,Teal,Oth vagin pessary insert
674,Tea - Earl Grey,Indigo,Cystourethroplasty
675,"Pork - Bacon, Sliced",Puce,Crown application
676,The Pop Shoppe - Grape,Khaki,Pelvic dye contrast xray
677,Pan Grease,Green,Trabeculotomy ab externo
678,Wild Boar - Tenderloin,Fuscia,Orthodon applianc applic
679,Curry Powder,Violet,Lower limb vein incision
680,"Peas - Pigeon, Dry",Khaki,Interposit op uterin lig
681,Spice - Chili Powder Mexican,Red,Vaginal obliteration
682,Egg Patty Fried,Pink,Micro exam-blood NEC
683,"Champagne - Brights, Dry",Purple,Rectocele repair
684,"Nut - Peanut, Roasted",Crimson,Oth endo proc oth vessel
685,Shrimp - Black Tiger 13/15,Indigo,Thorac var v lig-strip
686,"Juice - Grape, White",Puce,Ext maxillary antrot NEC
687,Wine - Sicilia Igt Nero Avola,Teal,Tot repair tetral fallot
688,Cheese - Taleggio D.o.p.,Green,Cl reduct malar/zygo fx
689,Tarragon - Fresh,Aquamarine,Other craniectomy
690,Pasta - Ravioli,Goldenrod,Decompress trigem root
691,"Wine - Red, Marechal Foch",Green,Remove gastric bubble
692,Wine - Pinot Grigio Collavini,Turquoise,Opn bil dir ing hern NEC
693,"Turkey - Breast, Bone - In",Aquamarine,Laparoscopic liver bx
694,Beer - Steamwhistle,Pink,Micro exam-op wound NEC
695,Vinegar - White,Purple,Rem int bivent hrt sys
696,Ketchup - Tomato,Turquoise,After catar fragmntation
697,Pear - Asian,Puce,Pt exercise NEC
698,"Extract - Vanilla,artificial",Puce,Rem brain pulse generatr
699,Higashimaru Usukuchi Soy,Teal,Total elbow replacement
700,Soup Bowl Clear 8oz92008,Indigo,Iridoplasty NEC
701,Wooden Mop Handle,Puce,Tot osteoplasty maxilla
702,Cattail Hearts,Blue,Remove gastric bubble
703,Curry Paste - Green Masala,Crimson,Complete laryngectomy
704,Table Cloth 90x90 White,Indigo,Oth metacarp/carp incis
705,Sauce - Hollandaise,Blue,Destruc hepatic les NEC
706,Salt - Table,Puce,Contrast x-ray of orbit
707,Filter - Coffee,Pink,Bact smear-female genit
708,Bagels Poppyseed,Pink,Electron teleradiotherap
709,Monkfish - Fresh,Violet,Stern esophagoenter NEC
710,Five Alive Citrus,Orange,Intrathor lymphangiogram
711,Coffee - Flavoured,Pink,Adm neuroprotective agnt
712,Wine - Prosecco Valdobienne,Green,Insert removable bridge
713,Tomatillo,Indigo,Parasitology-upper urin
714,Chocolate - Feathers,Blue,Loc exc les metatar/tar
715,"Wine - Mas Chicet Rose, Vintage",Orange,Insert disc pros NOS
716,Butter - Unsalted,Goldenrod,Dx ultrasound NEC
717,Coffee - 10oz Cup 92961,Turquoise,Hip structure division
718,"Tart Shells - Savory, 4",Yellow,Imp/repl peri stim lead
719,Cheese - Parmesan Cubes,Purple,Lap wedge resect ovary
720,Fireball Whisky,Red,Retrogr cystourethrogram
721,"Hickory Smoke, Liquid",Pink,Open breast biopsy
722,Soup - Campbells Chili,Indigo,Ocular thermography
723,Puree - Pear,Puce,Injct/infus glucarpidase
724,Island Oasis - Magarita Mix,Goldenrod,Insert palatal implant
725,Tomatoes - Yellow Hot House,Mauv,Scrotal fistula repair
726,Pasta - Ravioli,Green,"Hip surface, cermc/poly"
727,Skirt - 24 Foot,Puce,Blood vessel biopsy
728,Lamb Tenderloin Nz Fr,Turquoise,Allotrnsplnt islets lang
729,Gatorade - Lemon Lime,Teal,Excision of wrist NEC
730,"Carrots - Purple, Organic",Crimson,Gastric diagnos proc NEC
731,Sugar - Individual Portions,Mauv,Spectacle fit & dispense
732,Pork - Kidney,Fuscia,Injection into prostate
733,Grand Marnier,Crimson,Per cardiopulmon bypass
734,Apple - Macintosh,Indigo,Manual assist deliv NEC
735,True - Vue Containers,Red,Vaginal reconstruction
736,Wine - Pinot Noir Stoneleigh,Crimson,Excision of aorta
737,Bread - Multigrain,Mauv,Insrt prsr snsr w/o lead
738,Devonshire Cream,Mauv,Foot joint struct divis
739,Vegetable - Base,Yellow,Total elbow replacement
740,Wanton Wrap,Blue,Ultrason fragment-stone
741,Cake - Mini Cheesecake,Blue,Cystocel/rectocel repair
742,"Rosemary - Primerba, Paste",Fuscia,Imp/rep mchan cochl pros
743,"Wine - Red, Wolf Blass, Yellow",Blue,Full-mouth x-ray
744,Zucchini - Green,Yellow,Subconvulsive est
745,Sauce - Fish 25 Ozf Bottle,Indigo,Rectal resection NEC
746,Clams - Canned,Orange,Rad subtot pancreatectom
747,Chocolate - Unsweetened,Teal,Ptos rep-tarsal techniq
748,Calypso - Pineapple Passion,Khaki,C & s-ent/larynx
749,Lamb - Ground,Blue,Drug addict counselling
750,Wine - Magnotta - Bel Paese White,Purple,Epididymotomy
751,Apples - Sliced / Wedge,Yellow,Repl/rep oth tot hrt sys
752,Bread - Corn Muffaletta,Green,Partial sialoadenectomy
753,Milkettes - 2%,Green,Replace vaginal pessary
754,Octopus,Orange,Lingual frenectomy
755,Limes,Turquoise,Nasophary contrast x-ray
756,Sprouts - China Rose,Teal,Rev knee replacemt-total
757,Island Oasis - Strawberry,Puce,Thermocaut cornea lesion
758,Napkin White - Starched,Orange,Remove tracheostomy tube
759,Pepper - Yellow Bell,Yellow,Excision of tonsil tag
760,Cheese - Brick With Onion,Violet,Remov intralum laryn FB
761,Bread Base - Italian,Red,Lap ast vag hysterectomy
762,Trout - Smoked,Maroon,"LITT les hd/nck,guidance"
763,Nantucket Orange Juice,Puce,"Exc/dest hrt les, thrspc"
764,Eggplant - Baby,Fuscia,Excision of pilonid cyst
765,Shopper Bag - S - 4,Teal,Size reduct plastic op
766,Cheese - Camembert,Red,Chorioretin les cryother
767,Pastry - Chocolate Chip Muffin,Aquamarine,Micro exam-op wound NEC
768,Broom - Angled,Fuscia,Abdomen artery incision
769,"Salmon - Atlantic, No Skin",Indigo,Ext audit canal reconstr
770,Snapple Lemon Tea,Teal,Suture of saliv glnd lac
771,Figs,Indigo,Abdominal wall incision
772,Steam Pan - Half Size Deep,Maroon,Remove dental wiring
773,Artichoke - Fresh,Indigo,Pt exercise NEC
774,Foil - 4oz Custard Cup,Mauv,1 extraoc muscl resect
775,Potatoes - Fingerling 4 Oz,Violet,Cl reduc disloc-wrist
776,Sweet Pea Sprouts,Crimson,Renal scan/isotope funct
777,"Wine - Magnotta, White",Violet,Repair of prostate
778,Skirt - 29 Foot,Aquamarine,Suture of saliv glnd lac
779,"Cheese - Cheddar, Medium",Crimson,Int/comb version no extr
780,Shrimp - Black Tiger 6 - 8,Teal,Opn bx larynx or trachea
781,"Tomatoes - Diced, Canned",Turquoise,Intracran endarterectomy
782,"Brownies - Two Bite, Chocolate",Orange,Metacar/car wedg osteoto
783,Bok Choy - Baby,Orange,Lacrimal sac incision
784,"Coconut - Shredded, Unsweet",Pink,Transfus prev auto blood
785,Wine - Ej Gallo Sonoma,Crimson,Sphinct of oddi op NEC
786,Wine - Sicilia Igt Nero Avola,Pink,Impl CRT pacemaker sys
787,Squeeze Bottle,Teal,Other plastic ops muscle
788,Pepper - Orange,Green,Closed fx reduction NEC
789,Squid - U 5,Goldenrod,Thumb reattachment
790,"Chocolate - Semi Sweet, Calets",Yellow,Vaccination NEC
791,"Wine - Red, Black Opal Shiraz",Orange,Ileal conduitogram
792,"Juice - Apple, 341 Ml",Turquoise,Revision of lead
793,Venison - Ground,Pink,Perivesical incision NEC
794,"Oil - Truffle, Black",Puce,Destruc-elbow lesion NEC
795,Truffle Shells - Semi - Sweet,Red,Vasotomy
796,Shallots,Teal,Dressing of wound NEC
797,Tomato Puree,Orange,Remove int penile prosth
798,Wine - Chablis J Moreau Et Fils,Purple,Autopsy
799,Crab - Meat,Goldenrod,Saliv glnd dx proc NEC
800,Wine - Ice Wine,Blue,Excis lesion of muscle
801,Wine - Fino Tio Pepe Gonzalez,Khaki,Contr phlebogram-hd/neck
802,"Capon - Breast, Wing On",Indigo,Ant rect resect w colost
803,Coffee - Almond Amaretto,Red,Percutan vertebroplasty
804,Chevril,Maroon,Unil femor hern rep NEC
805,"Seedlings - Mix, Organic",Green,Periurethral incision
806,"Soup - Campbells, Butternut",Mauv,Oth dx proc-radius/ulna
807,Compound - Passion Fruit,Red,Vag diaphragm insertion
808,Vinegar - Raspberry,Indigo,Hepatic injection NEC
809,"Soup - Knorr, French Onion",Turquoise,Common duct exploration
810,Pastry - Butterscotch Baked,Teal,Patellar stabilization
811,Egg Patty Fried,Puce,Other destruc bronc les
812,Grenadillo,Pink,Lung laceration closure
813,"Beef - Baby, Liver",Turquoise,Recreational therapy
814,Pate - Liver,Puce,Allergy immunization
815,Energy Drink,Yellow,Lower limb vein incision
816,Steel Wool,Purple,Uterine art emb w coils
817,"Bread - Bagels, Mini",Yellow,Injec air-periton cavity
818,Energy Drink - Redbull 355ml,Maroon,Oth dx proced-femur
819,"Chocolate - Milk, Callets",Yellow,Imp/rep crtd sinus gnrtr
820,Pork - Smoked Back Bacon,Indigo,Bilat extend simp mastec
821,Cranberries - Dry,Pink,Remov retroperiton drain
822,"Tabasco Sauce, 2 Oz",Purple,Reconstruction of penis
823,Pepper - Green Thai,Fuscia,Oth humerus repair/plast
824,Red Currant Jelly,Maroon,Excision of tonsil tag
825,"Beans - Kidney, Red Dry",Mauv,Cranial sinus i & d
826,Wine - Magnotta - Bel Paese White,Blue,Micro exam-eye NEC
827,Smoked Paprika,Fuscia,Percutaneous chordotomy
828,Tea - Earl Grey,Mauv,Excision of nipple
829,Pancetta,Pink,Rep cornea postop dehisc
830,Cardamon Seed / Pod,Teal,Imp/repl spine stim lead
831,Water - Evian 355 Ml,Indigo,Rad dissec thorac struct
832,Table Cloth 90x90 White,Indigo,Endotracheal bronchogram
833,Coffee - Flavoured,Indigo,Lysis cortical adhesion
834,Salt - Sea,Fuscia,Total patellectomy
835,Olive - Spread Tapenade,Violet,Cystostomy closure
836,Table Cloth 54x54 White,Orange,Destruct larynx les NEC
837,Beef - Short Ribs,Fuscia,Other appendectomy
838,Cheese - Comtomme,Pink,Pituitary operation NEC
839,Soup - Cream Of Broccoli,Puce,Other chest wall repair
840,Wine - Chardonnay South,Maroon,Chorioret les diathermy
841,Banana - Green,Maroon,Hemorrhage control NOS
842,Pork - Kidney,Blue,Instrument delivery NOS
843,Flower - Dish Garden,Goldenrod,Retropubic ureth suspens
844,Apricots Fresh,Mauv,Replace vag/vulv packing
845,Bacardi Raspberry,Red,Mastoid incision
846,Versatainer Nc - 8288,Mauv,Proctostomy
847,"Shrimp - Baby, Cold Water",Teal,Referral vocation rehab
848,"Vodka - Hot, Lnferno",Khaki,Bil subq mammect-implant
849,Schnappes Peppermint - Walker,Red,Excise humerus for graft
850,Wine - Piper Heidsieck Brut,Orange,Manual explor uterus p/p
851,Mountain Dew,Orange,Renal les marsupializat
852,Juice - Lemon,Khaki,Retroperiton pneumogram
853,Berry Brulee,Goldenrod,Suture of artery
854,Bread - Ciabatta Buns,Violet,Arm vessel resect/anast
855,Ginsing - Fresh,Turquoise,Intracapsul lens ext NEC
856,Pork - Suckling Pig,Green,Retinal tear laser coag
857,Lettuce - Escarole,Maroon,Aorta-iliac-femor bypass
858,"Cheese - Brie,danish",Crimson,Cul-de-sac biopsy
859,Chicken Breast Halal,Green,Endosc sm bowel thru st
860,Sage - Ground,Teal,Oral cavity dx proc NEC
861,Lettuce - Red Leaf,Red,Destruc-hand jt les NEC
862,Cake - Mini Potato Pancake,Orange,Testicular operation NEC
863,"Lamb - Racks, Frenched",Aquamarine,Ventr septa def rep NEC
864,"Mushroom - Shitake, Fresh",Maroon,Gastrotomy
865,Versatainer Nc - 9388,Orange,Cardiac retraining
866,Garlic,Indigo,Gas hysterosalpingogram
867,Nantucket Orange Juice,Aquamarine,Closed biopsy larynx
868,"Wine - White, Chardonnay",Crimson,Ins left atr append dev
869,Juice - V8 Splash,Red,Temp-inf intrcap lens ex
870,"Wine - Red, Metus Rose",Teal,Nonop cardiac/vasc exam
871,Pur Source,Puce,Culture-lower GI
872,Wine - Zinfandel Rosenblum,Violet,Prt lg intes exc NEC/NOS
873,Extract Vanilla Pure,Mauv,Loc exc bony palate les
874,Cheese - Feta,Yellow,Arth/pros rem wo re-shld
875,Sauce - Rosee,Crimson,Excis ampulla of vater
876,"Peas - Pigeon, Dry",Green,Lobectomy of lung NEC
877,Breakfast Quesadillas,Indigo,Gastric repair NEC
878,Fudge - Cream Fudge,Purple,Osteoclasis NOS
879,Ham - Proscuitto,Goldenrod,Remov breast tissu expan
880,"Coconut - Creamed, Pure",Indigo,Remove impl device NEC
881,"Yeast - Fresh, Fleischman",Khaki,BBBD via infusion
882,Flavouring - Raspberry,Maroon,Nasal les destruct NEC
883,"Soup - Beef Conomme, Dry",Puce,Suture peptic ulcer NOS
884,Pie Filling - Pumpkin,Red,Bone graft to humerus
885,"Wine - White, Pinot Grigio",Maroon,Remov intralum gastr FB
886,Puree - Kiwi,Aquamarine,Ins spinal fusion device
887,Milk - Chocolate 500ml,Crimson,Perc mtrl vlv repr w imp
888,Ecolab - Power Fusion,Indigo,Chest cage bone div NEC
889,"Wine - Red, Colio Cabernet",Indigo,Omt to move tissue fluid
890,Coffee Caramel Biscotti,Aquamarine,Int or repl lead epicar
891,"Cheese - Havarti, Salsa",Violet,Splenotomy
892,"Wine - White, Ej Gallo",Purple,Lg bowel stoma closure
893,Sugar - Splenda Sweetener,Orange,Aspir soft tiss hand NEC
894,Truffle Cups - Brown,Blue,Hymenectomy
895,"Wine - Red, Black Opal Shiraz",Blue,Reopen laminectomy site
896,Bread - Ciabatta Buns,Green,Exposure of tooth
897,"Juice - Clamato, 341 Ml",Pink,Electroencephalogram
898,Tea - Decaf Lipton,Indigo,Percutan renal aspirat
899,Bagel - Whole White Sesame,Teal,Esophageal dx proc NEC
900,Icecream - Dstk Strw Chseck,Orange,Ventri shunt-circula sys
901,Cake - Night And Day Choclate,Aquamarine,Bartholin's gland op NEC
902,Nacho Chips,Violet,Imp/repl brain pulse gen
903,Ice Cream Bar - Hagen Daz,Puce,Excis knee semilun cartl
904,"Rosemary - Primerba, Paste",Fuscia,Corneal transplant NEC
905,Beef - Salted,Blue,Atlas-axis fusion
906,Potatoes - Yukon Gold 5 Oz,Pink,Excis metacar/car-graft
907,Icecream - Dstk Super Cone,Mauv,Destruct joint les NEC
908,Water - Green Tea Refresher,Puce,Open biopsy of tongue
909,Kale - Red,Red,Lid recon-tarsoconj flap
910,Muffin Mix - Chocolate Chip,Fuscia,After-cataract excision
911,Water - Green Tea Refresher,Turquoise,Part ostect-metacar/car
912,Sorrel - Fresh,Fuscia,Gracilis musc transplan
913,Ezy Change Mophandle,Orange,Rad electrocoag-rect les
914,"Soup - Knorr, French Onion",Green,Tu destr prostate by mt
915,Spice - Peppercorn Melange,Maroon,Hip joint biopsy
916,Tomato Puree,Green,C & s-upper GI
917,Muffin - Mix - Mango Sour Cherry,Purple,Subtalar fusion
918,Ecolab - Hobart Upr Prewash Arm,Indigo,Vaginal vault obliterat
919,"Liners - Banana, Paper",Teal,Hepatic injection NEC
920,Sugar - Individual Portions,Blue,Limb length measurement
921,Lettuce - California Mix,Goldenrod,Grft rep endocar cushion
922,Wine - Periguita Fonseca,Indigo,Corneal tattooing
923,Plasticknivesblack,Khaki,Op red-int fix rad/ulna
924,Whmis Spray Bottle Graduated,Maroon,Remove orbital implant
925,Puree - Guava,Aquamarine,Liver operation NEC
926,Milkettes - 2%,Indigo,Other therapeu apheresis
927,"Lemonade - Natural, 591 Ml",Yellow,Abdperneal res rectm NOS
928,Bread Sour Rolls,Crimson,Ureteral operation NEC
929,Truffle Cups - Brown,Blue,Forearm/wrist/hand reatt
930,Campari,Fuscia,Blow therapeut into tube
931,Squash - Guords,Puce,Oth seg lung resect NOS
932,Yoplait Drink,Red,Thorac var v lig-strip
933,Wine - Jackson Triggs Okonagan,Crimson,Tot ostectomy-femur
934,Oil - Hazelnut,Yellow,Oth arthrotomy-wrist
935,Arizona - Plum Green Tea,Crimson,Pancreat sphincterotom
936,"Stock - Veal, Brown",Yellow,Secondary insert lens
937,"Beef - Ox Tail, Frozen",Green,Stern sm bowel interpos
938,Cheese - Brie,Red,Postop revis per nerv op
939,Paper - Brown Paper Mini Cups,Khaki,Resect abdm aorta w repl
940,Appetizer - Chicken Satay,Fuscia,Open prostatic biopsy
941,Rice - Basmati,Indigo,Gastroscopy NEC
942,Wine - Sauvignon Blanc Oyster,Mauv,Nasal operation NEC
943,Dooleys Toffee,Puce,Excise lg intestine les
944,Tea Peppermint,Yellow,Insert intercostal cath
945,Bread Ww Cluster,Khaki,Endarterectomy of aorta
946,Wine - German Riesling,Orange,Insert 2 vascular stents
947,Godiva White Chocolate,Maroon,Opn hern ant abd-grf NEC
948,Absolut Citron,Red,Mesenteric repair NEC
949,Flour - Strong,Blue,Lacrimal sys dx proc NEC
950,Cookie Dough - Peanut Butter,Yellow,Closed spleen biopsy
951,Island Oasis - Raspberry,Maroon,Oth arthrotomy-shoulder
952,"Trout - Rainbow, Frozen",Orange,D & C post delivery
953,The Pop Shoppe - Black Cherry,Teal,Abdominal wall x-ray NEC
954,English Muffin,Aquamarine,Hymenotomy
955,Oneshot Automatic Soap System,Mauv,Pros rep ventric def-opn
956,"Cake Circle, Foil, Scallop",Pink,Endocervical biopsy
957,"Wine - Magnotta, White",Turquoise,Intracran endarterectomy
958,Pie Shells 10,Red,Reduce renal pedicl tors
959,"Garlic - Primerba, Paste",Maroon,Rad subtot pancreatectom
960,Lidsoupcont Rp12dn,Khaki,Opn/oth rep mtrl vlv-tis
961,Coconut Milk - Unsweetened,Pink,Root canal w irrigation
962,Wine - Chateauneuf Du Pape,Orange,Thorac lg bowel interpos
963,"Tart Shells - Savory, 4",Puce,Other bronchial excision
964,Wine - Masi Valpolocell,Maroon,Pterygium excision NEC
965,Bowl 12 Oz - Showcase 92012,Blue,Dx ultrasound-thorax NEC
966,Pumpkin - Seed,Turquoise,Finger injury op NOS
967,Bread - Bistro Sour,Purple,Referral psych aftercare
968,Beer - True North Lager,Fuscia,Spermatic cord incision
969,Bar Mix - Lemon,Mauv,Laryngeal nerv division
970,Trout Rainbow Whole,Puce,Fit below knee prosthes
971,Wanton Wrap,Maroon,Open pancreatic biopsy
972,Water - Perrier,Maroon,Transplant hand musc NEC
973,Wine - Tio Pepe Sherry Fino,Green,Intraop gastric manipul
974,"Pork - Butt, Boneless",Khaki,Chalazion excision
975,Coffee Decaf Colombian,Mauv,Leg artery resec w repla
976,Oyster - In Shell,Pink,Remov intrauterine pack
977,The Pop Shoppe - Cream Soda,Yellow,Limb shorten-tib/fibula
978,Beer - Camerons Auburn,Yellow,Control bladd hemorrhage
979,Sobe - Orange Carrot,Pink,Rad node dissection NOS
980,"Red Snapper - Fillet, Skin On",Crimson,Skin excision for graft
981,Peach - Fresh,Crimson,Subconjunctival inject
982,Yams,Mauv,Forearm/wrist/hand reatt
983,Pastry - Chocolate Chip Muffin,Yellow,Upper arm reattachment
984,"Nut - Walnut, Chopped",Crimson,Tarsal tunnel release
985,Lemon Balm - Fresh,Fuscia,Adrenal incision
986,"Veal - Leg, Provimi - 50 Lb Max",Puce,Unil femor hern rep NEC
987,"Soup - Campbells, Spinach Crm",Crimson,Lap remove remain ovary
988,Bacardi Raspberry,Blue,Proctosigmoidosc thru st
989,French Pastry - Mini Chocolate,Red,Hip synovectomy
990,"Jam - Strawberry, 20 Ml Jar",Purple,Fat graft to breast
991,Cheese - Cream Cheese,Green,Bact smear-op wound
992,Cheese - Taleggio D.o.p.,Fuscia,Other soft tissue excis
993,"Trout - Rainbow, Fresh",Goldenrod,Loc exc les tibia/fibula
994,Bar Special K,Teal,Incision of penis
995,Lid - 0090 Clear,Red,Gum or alveolar incision
996,Energy Drink Red Bull,Yellow,Laparoscopic cholecystec
997,Puree - Guava,Violet,Rep anuls fibros NEC/NOS
998,Glass Clear 8 Oz,Blue,Repair of cleft hand
999,Sour Puss Sour Apple,Aquamarine,Fetal blood sample/bx
1000,Puree - Pear,Violet,Conjunctiva dx proc NEC
